,Math and science_nature
0,https://outschool.com/online-classes/math
1,https://outschool.com/online-classes/math-tutoring
2,https://outschool.com/online-classes/algebra-1
3,https://outschool.com/online-classes/math-tutors
4,https://outschool.com/online-classes/multiplication
5,https://outschool.com/online-classes/geometry
6,https://outschool.com/online-classes/algebra-2
7,https://outschool.com/online-classes/singapore
8,https://outschool.com/online-classes/1st-grade-math
9,https://outschool.com/online-classes/algebra
10,https://outschool.com/online-classes/science
11,https://outschool.com/online-classes/nature
12,https://outschool.com/online-classes/chemistry
13,https://outschool.com/online-classes/earth-science
14,https://outschool.com/online-classes/biology
15,https://outschool.com/online-classes/curriculum
16,https://outschool.com/online-classes/6th-grade-science
17,https://outschool.com/online-classes/physics
18,https://outschool.com/online-classes/marine-biology
19,https://outschool.com/online-classes/animals
