,Math courses url
0,https://outschool.com/classes/multiplication-boot-camp-quickly-solve-memorize-times-tables-0-12-beyond-3-day-vBqbYW0J
1,https://outschool.com/classes/olympiad-math-for-grade-3-grade-4-students-on-going-1X8DqS8T
2,https://outschool.com/classes/4th-and-5th-grade-math-story-word-problems-single-step-and-multi-step-problems-xwjf0XGB
3,https://outschool.com/classes/11-math-tutoring-for-grades-4-12-algebra-geometry-precalculus-calculus-etc-zYmr4Sb4
4,https://outschool.com/classes/2nd-grade-math-full-curriculum-mBYzGYFJ
5,https://outschool.com/classes/homeschool-3rd-grade-full-curriculum-montessori-stem-and-project-based-pbl-3i8INryN
6,https://outschool.com/classes/3rd-grade-math-full-curriculum-4RLBIn1L
7,https://outschool.com/classes/math-minds-unlocking-the-potential-of-neurodivergent-learners-25-minutes-D8CS3tLP
8,https://outschool.com/classes/kindergarten-math-counting-addition-subtraction-shapes-comparing-and-more-d2VwJL1u
9,https://outschool.com/classes/ongoing-club-second-grade-math-fun-qyLASeqn
10,https://outschool.com/classes/mastering-math-with-minecraft-the-complete-curriculum-of-grade-3-4-math-BJQoKVb8
11,https://outschool.com/classes/math-talks-lets-think-and-talk-about-math-ages-7-9-Tkmuhx38
12,https://outschool.com/classes/algebra-1-full-course-ongoing-3-days-per-week-wo37sWvh
13,https://outschool.com/classes/3rd-grade-math-full-year-curriculum-wWl2sgv9
14,https://outschool.com/classes/master-your-multiplication-table-tips-and-tricks-to-make-learning-easy-l0e66lT4
15,https://outschool.com/classes/olympiad-math-for-grade-2-grade-3-students-ongoing-ynQ83KqV
16,https://outschool.com/classes/4th-grade-full-curriculum-ela-math-science-social-studies-ndLXrCbI
17,https://outschool.com/classes/roblox-math-tutoring-lets-play-roblox-and-practice-math-at-the-same-time-lvl-2-HVWPbL9r
18,https://outschool.com/classes/getting-a-1600-on-the-sat-and-a-36-on-the-act-workshop-DQ6vf3cZ
19,https://outschool.com/classes/roblox-math-class-beginner-level-1-lets-play-roblox-and-practice-math-3SwLE3Jm
20,https://outschool.com/classes/one-to-one-private-math-tutoring-once-a-week-ongoing-wO62nDsg
21,https://outschool.com/classes/bridging-math-skills-from-2nd-to-3rd-grade-A3QULgiC
22,https://outschool.com/classes/master-your-multiplication-facts-minecraft-multiplication-ongoing-sDFiA7yw
23,https://outschool.com/classes/roblox-math-series-lets-play-roblox-and-practice-math-at-the-same-time-level-3-aMJmA7h8
24,https://outschool.com/classes/pre-algebra-full-course-ongoing-three-days-per-week-MQx37vAc
25,https://outschool.com/classes/rolling-numbers-learn-multiplication-and-division-through-rhythm-0bSWwi7s
26,https://outschool.com/classes/bridging-math-skills-from-3rd-grade-into-4th-grade-KlJrGr8w
27,https://outschool.com/classes/mario-multiplication-memory-math-game-club-practice-learn-have-fun-a0ptyJ9h
28,https://outschool.com/classes/4th-grade-math-full-year-curriculum-9nfWmma5
29,https://outschool.com/classes/math-talks-lets-think-and-talk-about-math-ages-6-8-0cidMgBw
30,https://outschool.com/classes/numberblocks-circle-time-show-and-tell-colouring-math-activity-uk-teacher-SYHkZgqy
31,https://outschool.com/classes/6th-grade-math-full-year-curriculum-fun-engaging-hands-onlicensed-teacher-6rZnCdzQ
32,https://outschool.com/classes/long-division-boot-camp-7F6o5G2E
33,https://outschool.com/classes/math-talks-mastering-mental-math-hmNGolg4
34,https://outschool.com/classes/telling-time-a-full-school-day-in-55-minutes-fymvePJv
35,https://outschool.com/classes/learn-math-with-ms-shaniqua-division-multiplication-fractions-etc-30-mins-gHyoRU40
36,https://outschool.com/classes/master-the-multiplication-facts-with-fun-games-ongoing-JnImhW1D
37,https://outschool.com/classes/fifth-grade-math-ongoing-math-skills-yZRDnUCo
38,https://outschool.com/classes/6th-and-7th-grade-math-story-word-problems-single-step-and-multi-step-problems-31dqsYML
39,https://outschool.com/classes/math-problem-solving-with-word-problems-for-2nd-4th-grades-VpLOJJTr
40,https://outschool.com/classes/basic-math-story-adventures-addition-subtraction-and-more-75LZ74pe
41,https://outschool.com/classes/math-problem-solving-with-word-problems-for-3rd-5th-grades-ftbhoyL1
42,https://outschool.com/classes/superhero-math-club-level-1-yVHkI511
43,https://outschool.com/classes/math-geniuses-made-here-4th-5th-grade-math-support-fufOJ3x4
44,https://outschool.com/classes/4th-grade-full-curriculum-year-math-p3IXLF6S
45,https://outschool.com/classes/bridging-4th-to-5th-grade-math-OJz449Pl
46,https://outschool.com/classes/math-minds-unlocking-the-potential-of-neurodivergent-50-minutes-Kp1T9rfd
47,https://outschool.com/classes/ongoing-club-fourth-grade-math-fun-VR4Q1NkE
48,https://outschool.com/classes/full-second-grade-math-curriculum-includes-all-common-core-standards-g4Dqp6Ex
49,https://outschool.com/classes/a-kindergarten-math-dinosaur-adventure-ongoing-kindergarten-math-concepts-IxtrZxZf
50,https://outschool.com/classes/kindergarten-math-games-OEVQnETA
51,https://outschool.com/classes/mastering-multiplicationdivision-DMaOcczI
52,https://outschool.com/classes/let-me-help-reading-writing-or-math-11-private-tutor-certified-teacher-1st-6th-g-92Gpra7p
53,https://outschool.com/classes/math-is-your-path-middle-schoolers-master-your-multiplication-tables-this-fall-qq6iVWd3
54,https://outschool.com/classes/7th-grade-math-skills-common-core-standards-ongoing-full-course-curriculum-HiPb03AH
55,https://outschool.com/classes/master-your-division-facts-minecraft-division-ongoing-NW7WyoYx
56,https://outschool.com/classes/math-masters-11-math-tutoring-intervention-for-struggling-learner-dyscalculia-FWkeiSKR
57,https://outschool.com/classes/math-tutoring-with-mr-b-ongoing-class-to-learnpractice-to-strengthen-skills-Gshkjz5o
58,https://outschool.com/classes/1-2-3-learn-math-with-me-cNRnbgR0
59,https://outschool.com/classes/first-grade-math-addition-subtraction-graphs-skip-counting-clocks-money-and-more-5egY563w
60,https://outschool.com/classes/teacher-mels-math-club-lets-practice-multiplication-and-division-qbelkyLu
61,https://outschool.com/classes/8th-grade-pre-algebra-full-curriculum-ongoing-lIqsbMPx
62,https://outschool.com/classes/private-math-tutoring-a1u0FxUX
63,https://outschool.com/classes/1-2-competition-math-interesting-elementary-problems-ongoing-2EVedagH
64,https://outschool.com/classes/multiplication-math-facts-camp-learn-to-multiply-0-to-12-third-grade-ongoing-Xd51RxZE
65,https://outschool.com/classes/6th-grade-math-a-problem-solving-approach-full-course-wSxVvaqq
66,https://outschool.com/classes/multiplication-for-beginners-minecraft-multiplication-ongoing-PyZjWO5F
67,https://outschool.com/classes/mathletes-6th-grade-math-full-curriculum-class-with-a-licensed-teacher-2x-w0sRFx9h
68,https://outschool.com/classes/challenging-math-competition-problems-grade-3-4-jKICrWzx
69,https://outschool.com/classes/4th-grade-full-curriculum-class-4-days-a-week-hcrpTfGv
70,https://outschool.com/classes/remedial-math-102-1-mastering-the-fundamental-concepts-aey9byVh
71,https://outschool.com/classes/sixth-grade-seventh-grade-full-curriculum-for-math-with-a-certified-teacher-DD8aG3U7
72,https://outschool.com/classes/private-math-tutoring-jCmUxKdP
73,https://outschool.com/classes/hands-on-montessori-inspired-advanced-math-level-a-for-kindergarten-and-1st-grad-MRsvgWEo
74,https://outschool.com/classes/4b-singapore-math-methods-advanced-math-techniques-ongoing-zAS5QSzy
75,https://outschool.com/classes/converting-fractions-decimals-and-percents-fractions-SYxWBKas
76,https://outschool.com/classes/you-can-solve-it-2nd3rd-grade-math-addition-subtraction-multiplication-9ZgHdniz
77,https://outschool.com/classes/mastering-pre-algebra-and-algebra-essentials-vmry883l
78,https://outschool.com/classes/sixth-seventh-grade-math-in-an-inclusive-small-group-setting-w-kahoot-G83JDwCf
79,https://outschool.com/classes/math-olympiad-preparing-for-competitive-math-contests-for-ages-8-12-TADfBr4Q
80,https://outschool.com/classes/a-pre-k-math-dinosaur-adventure-ongoing-preschool-math-concepts-Stsu8KIy
81,https://outschool.com/classes/homeschool-5th-grade-full-curriculum-individualized-stem-and-project-based-0vdmjIdT
82,https://outschool.com/classes/pre-algebra-class-certified-math-teacher-ma-ed-mathematics-ykbbWWEO
83,https://outschool.com/classes/homeschool-4th-grade-curriculum-individualized-stem-and-project-based-Jcm3XYSp
84,https://outschool.com/classes/1st-grade-full-homeschool-curriculum-3-times-a-week-nWzOcAHX
85,https://outschool.com/classes/multipli-cat-ion-a-multiplication-facts-practice-and-review-game-JiZuoW3y
86,https://outschool.com/classes/master-algebra-1-full-curriculum-in-10-weeks-hUaTPc5k
87,https://outschool.com/classes/2nd-grade-full-homeschooled-curriculum-3-times-a-week-sP7jTpC8
88,https://outschool.com/classes/one-on-one-singapore-math-class-grade-1-to-6-mrJFaNmJ
89,https://outschool.com/classes/the-hardest-math-sat-questions-ever-OzTnG3R5
90,https://outschool.com/classes/5th-grade-full-curriculum-math-with-a-licensed-teacher-2-times-per-week-Y2HEzlG2
91,https://outschool.com/classes/math-talks-friendly-tens-and-basic-facts-o7jVIV7c
92,https://outschool.com/classes/high-school-algebra-algebra-i-fall-2023-session-eqw5847o
93,https://outschool.com/classes/geometry-full-year-course-6tKiTVF9
94,https://outschool.com/classes/6a-singapore-math-methods-advanced-math-techniques-ongoing-j9wzCIRq
95,https://outschool.com/classes/50-min-11-private-math-tutoringk-12algebra-12geotrig1xweekone-time-bW4GKc9l
96,https://outschool.com/classes/full-fifth-grade-math-curriculum-ybocNLde
97,https://outschool.com/classes/mastering-multiplication-facts-times-tables-8knlR8fh
98,https://outschool.com/classes/7-8-competition-math-advanced-middle-school-problems-from-amc-8-ongoing-WhZt4ayL
99,https://outschool.com/classes/wild-and-unstructured-5th-grade-full-curriculum-ongoing-xtj5Zhuq
100,https://outschool.com/classes/smart-minds-11-tutoring-math-or-reading-tutor-with-a-certified-teacher-EHYM63DB
101,https://outschool.com/classes/homeschool-8th-grade-full-curriculum-individualized-stem-and-project-based-9VefMJ7r
102,https://outschool.com/classes/ongoing-fun-in-2nd-grade-math-gqDnXUze
103,https://outschool.com/classes/7th-grade-full-curriculum-math-with-a-licensed-teacher-2-times-per-week-ohxaQqG9
104,https://outschool.com/classes/math-mysteries-a-math-enrichment-club-x7HxROvu
105,https://outschool.com/classes/montessori-math-time-place-value-static-addition-with-the-stamp-game-NEi06MNs
106,https://outschool.com/classes/olympiad-math-for-grade-5-grade-6-students-ongoing-SxuewgR7
107,https://outschool.com/classes/mastering-math-with-minecraft-the-complete-curriculum-of-grade-5-6-math-pmbGrWxN
108,https://outschool.com/classes/5-6-competition-math-advanced-middle-school-problems-from-amc-8-ongoing-CV1OBeCB
109,https://outschool.com/classes/math-in-the-grocery-store-grades-1-2-consumer-and-business-math-P376Sxwx
110,https://outschool.com/classes/back-to-school-multiplication-facts-game-time-zqWo3h3D
111,https://outschool.com/classes/multiplication-tricks-learn-678910-times-table-in-minutes-using-fingers-RNAZ46PR
112,https://outschool.com/classes/8th-grade-pre-algebra-math-skills-common-core-standards-ongoing-4d6SStii
113,https://outschool.com/classes/number-talks-mental-math-strategies-grades-1-2-FiG30Vdh
114,https://outschool.com/classes/multiplication-facts-fluency-rainbow-adventure-yI5e69BF
115,https://outschool.com/classes/explore-pokmon-types-with-addition-subtraction-for-beginners-Oz9WlvpB
116,https://outschool.com/classes/multiplication-for-beginners-minecraft-multiplication-miKituw0
117,https://outschool.com/classes/conquering-7th-grade-math-full-course-ssNQVPVA
118,https://outschool.com/classes/singapore-math-3rd-grade-3a-GOeyz9ex
119,https://outschool.com/classes/4th-grade-full-curriculum-math-with-a-licensed-teacher-2-times-per-week-IfTZyZs9
120,https://outschool.com/classes/2nd-grade-math-meeting-small-group-1-4-LMggXt6y
121,https://outschool.com/classes/singapore-math-5th-grade-5a-txZDwDFw
122,https://outschool.com/classes/singapore-math-6th-grade-6a-algebra-4MYS1Hmh
123,https://outschool.com/classes/pre-algebra-semester-1-that-was-easy-7th8th-grade-with-certified-math-teacher-3ZJREg4l
124,https://outschool.com/classes/mathsters-full-curriculum-3rd-grade-math-class-wa-certified-teacher-1x-a-wk-ZnY5Pwfg
125,https://outschool.com/classes/the-art-of-math-weekly-club-0kBHJGjc
126,https://outschool.com/classes/mathsters-full-curriculum-2nd-grade-math-class-wa-certified-teacher-2x-a-wk-p7IwpzUw
127,https://outschool.com/classes/high-school-geometry-DIyDCnK4
128,https://outschool.com/classes/ongoing-addition-and-subtraction-with-regrouping-come-practice-with-friends-x8gAkAyg
129,https://outschool.com/classes/wild-and-unstructured-3rd-grade-full-curriculum-ongoing-QMbqjKqv
130,https://outschool.com/classes/math-mysteries-junior-detectives-club-a-math-enrichment-club-for-young-math-enth-ycv34gel
131,https://outschool.com/classes/multiplication-division-decimals-and-fraction-math-skills-cJomXZY1
132,https://outschool.com/classes/more-logic-puzzles-new-puzzles-to-solve-every-week-soyZ5TX9
133,https://outschool.com/classes/6th-grade-full-curriculum-math-with-a-licensed-teacher-2-times-per-week-qs7jcPX2
134,https://outschool.com/classes/11-elementary-math-tutor-with-miss-debbie-nulpiP5N
135,https://outschool.com/classes/this-is-epic-pre-calculus-entire-course-group-class-twIlc0nM
136,https://outschool.com/classes/third-and-fourth-grade-math-in-an-inclusive-small-group-setting-wkahoot-1vxLkZOl
137,https://outschool.com/classes/5th-grade-math-full-curriculum-k4Miylwj
138,https://outschool.com/classes/private-math-tutoring-IcmRjBcu
139,https://outschool.com/classes/ready-to-rock-3rd-grade-with-licensed-teacher-1xweek-MV86taL5
140,https://outschool.com/classes/8th-grade-full-curriculum-english-math-and-spelling-eKHiTjTQ
141,https://outschool.com/classes/a-1st-grade-math-dinosaur-adventure-ongoing-grade-1-math-concepts-nWSJWTD6
142,https://outschool.com/classes/patterns-in-algebra-critical-thinking-class-UcrhK4yb
143,https://outschool.com/classes/5th-grade-full-curriculum-PBNp3o2J
144,https://outschool.com/classes/a-roblox-themed-math-tutoring-session-improve-your-math-skills-07vwIyfD
145,https://outschool.com/classes/critical-thinking-builder-math-problem-solving-puzzles-bGwj6OyS
146,https://outschool.com/classes/refresher-and-review-of-single-digit-long-division-ExD5xnBO
147,https://outschool.com/classes/geometry-fundamentals-ongoing-4Fyy4OLZ
148,https://outschool.com/classes/third-grade-fourth-grade-or-fifth-grade-math-class-individual-tutoring-Go6Y9Fvy
149,https://outschool.com/classes/knock-your-socks-off-6th-grade-math-dsAcukJb
150,https://outschool.com/classes/full-year-of-2nd-grade-singapore-math-qIrzMJ9M
151,https://outschool.com/classes/math-mysteries-6th-grade-math-with-math-mysteries-cwJA2ruu
152,https://outschool.com/classes/dragon-club-of-math-ongoing-5AEGagCc
153,https://outschool.com/classes/math-skill-builders-advanced-ongoing-ypighkGO
154,https://outschool.com/classes/algebra-1-7mUpUZWb
155,https://outschool.com/classes/fact-families-addition-and-subtraction-8qVMjY9A
156,https://outschool.com/classes/algebra-1-full-curriculum-tcZ9taOE
157,https://outschool.com/classes/all-about-fractions-odds-and-ends-JKAJyvdw
158,https://outschool.com/classes/beginning-long-division-and-practice-fun-MzmqxR53
159,https://outschool.com/classes/math-5th-grade-full-curriculum-ongoing-yo1yOEYy
160,https://outschool.com/classes/full-fourth-grade-math-curriculum-includes-all-common-core-standards-K02kMBxA
161,https://outschool.com/classes/crunching-numbers-guided-mental-math-talk-addition-subtraction-2-digits-onpcgtNI
162,https://outschool.com/classes/mastering-algebra-1-full-course-bLoZ7K46
163,https://outschool.com/classes/elementary-or-middle-school-math-tutoringenrichment-ongoing-11-class-g3PNQVQ8
164,https://outschool.com/classes/kindergarten-1st-grade-math-class-xaO3DtM7
165,https://outschool.com/classes/math-6th-grade-full-curriculum-2-times-per-week-69y5H6OB
166,https://outschool.com/classes/full-year-of-3rd-grade-singapore-math-zdTE4iUi
167,https://outschool.com/classes/maths-not-scary-weekly-y2-club-british-y2-qDHH6L2r
168,https://outschool.com/classes/epic-weekly-builds-in-minecraft-creative-math-geography-architecture-1x5biAKf
169,https://outschool.com/classes/math-enrichment-challenges-for-upper-elementary-with-mrs-whitten-0nJZN0XE
170,https://outschool.com/classes/full-2nd-grade-math-curriculum-taught-by-a-certified-teacher-fun-engagin-SRzxqA8r
171,https://outschool.com/classes/decimals-division-xOHohocX
172,https://outschool.com/classes/daily-grade-7-and-grade-8-math-ongoing-tRM4d9pT
173,https://outschool.com/classes/algebra-1-ongoing-with-a-licensed-math-teacher-QhBPeBly
174,https://outschool.com/classes/crunching-numbers-guided-mental-math-talk-building-number-sense-nfxzH3zt
175,https://outschool.com/classes/1st-grade-math-meeting-small-group-1-4-A09MKbTM
176,https://outschool.com/classes/2nd-grade-full-curriculum-english-math-and-spelling-APH83ZAs
177,https://outschool.com/classes/kindergarten-math-calendar-patterns-shapes-and-more-oMKuXnOG
178,https://outschool.com/classes/kickin-it-rapid-practice-drill-math-sat-kqQZ5KID
179,https://outschool.com/classes/experienced-math-tutoring-1-on-1-2023-2024-6th-to-12th-grade-math-Dnp1wzy2
180,https://outschool.com/classes/learn-maths-uk-teacher-curriculum-for-ages-5-7-for-all-nationalities-ZJREz4t7
181,https://outschool.com/classes/full-year-of-5th-grade-singapore-math-dKx2Ytc7
182,https://outschool.com/classes/dr-sullivans-math-tutoring-algebra-arithmetic-calculus-geometry-trig-U6X9yG2m
183,https://outschool.com/classes/math-tutoring-1-to-1-grades-2-3-4-5-and-6-8rHv64sO
184,https://outschool.com/classes/math-enrichment-explore-ways-math-can-be-found-in-nature-ongoing-mpgIs50P
185,https://outschool.com/classes/3-4-competition-math-challenging-elementary-problems-ongoing-f6RxNVP8
186,https://outschool.com/classes/1st-grade-math-club-2RLFEyrr
187,https://outschool.com/classes/mathletes-5th-grade-math-full-curriculum-class-with-a-licensed-teacher-1x-OBru4dXD
188,https://outschool.com/classes/6th7th-grade-math-meets-once-a-week-for-a-full-curriculumwith-homework-help-v4bKEqbW
189,https://outschool.com/classes/full-year-of-1st-grade-singapore-math-6a1rPUDL
190,https://outschool.com/classes/got-math-one-on-one-1-one-hour-personal-tutoring-and-homework-help-session-7Sk7XyEh
191,https://outschool.com/classes/dinosaur-math-patterns-V9xyw4gE
192,https://outschool.com/classes/math-problem-solving-with-multi-step-word-problems-for-4th-6th-grades-6ehGkUTj
193,https://outschool.com/classes/math-fact-fluency-for-addition-and-subtraction-1st-and-2nd-grade-S3g3WWsU
194,https://outschool.com/classes/escape-rooms-adventures-ongoing-language-arts-math-science-club-zg11JA5P
195,https://outschool.com/classes/pokmon-multiplication-battles-tutoring-Txmr5SHx
196,https://outschool.com/classes/thriving-in-math-autism-friendly-approaches-for-learning-success-gxzM6MUR
197,https://outschool.com/classes/math-kindergarten-full-curriculum-math-semester-1-IXw8icJS
198,https://outschool.com/classes/real-world-math-create-a-dog-boarding-business-aQPxgfvQ
199,https://outschool.com/classes/word-problems-3rd-grade-math-YiYYijd1
200,https://outschool.com/classes/jeopardy-weekly-second-grade-edition-ages-7-8-sx9kgw2o
201,https://outschool.com/classes/math-games-for-math-gurus-aho0RX9w
202,https://outschool.com/classes/booyah-i-totally-get-it-algebra-2-full-course-summer-study-for-students-who-real-rwxDVWzm
203,https://outschool.com/classes/mathletes-4th-grade-math-full-curriculum-class-with-a-licensed-teacher-2x-48KSMORc
204,https://outschool.com/classes/mental-math-multiplication-division-shortcut-tricks-once-a-week-2-weeks-H7TO28J7
205,https://outschool.com/classes/grade-5-full-math-curriculum-ongoing-VCw4NhVo
206,https://outschool.com/classes/math-2nd-grade-explorers-homeschool-or-support-ZF8aGoYS
207,https://outschool.com/classes/maths-for-age-10-11-uk-year-6-curriculum-3aeosdaL
208,https://outschool.com/classes/interactive-princess-activities-DVYy00iV
209,https://outschool.com/classes/word-problems-1st-grade-math-ydUVzAgW
210,https://outschool.com/classes/amazing-multiplication-tricks-multiply-in-seconds-coupon-code-in-description-eltgOl57
211,https://outschool.com/classes/math-tutoring-just-for-you-WeynGmDD
212,https://outschool.com/classes/ongoing-fourth-grade-math-curriculum-gbAWEUlh
213,https://outschool.com/classes/weekend-math-sight-words-or-reading-one-on-one-tutoring-meets-weekly-Edq6zZL2
214,https://outschool.com/classes/super-counters-a-prek-count-and-move-session-q0fJPIHS
215,https://outschool.com/classes/exploring-8th-grade-math-prealgebra-full-course-3u83a9Pc
216,https://outschool.com/classes/kangaroo-grade-1-and-2-felix-math-competition-part-1-EIgAMiYO
217,https://outschool.com/classes/pre-k-math-calendar-patterns-shapes-and-more-Z6yrHA75
218,https://outschool.com/classes/math-talks-mental-math-and-the-basic-facts-hjjm42oj
219,https://outschool.com/classes/4th-grade-math-full-year-curriculum-ongoing-Qmf8WZOO
220,https://outschool.com/classes/higher-level-maths-revision-for-ages-14-16-gcse-igcse-course-z9Kxcn3f
221,https://outschool.com/classes/full-year-of-5th-grade-singapore-math-ObHoiDJs
222,https://outschool.com/classes/4th-5th-grade-spiral-math-review-unlock-the-secrets-to-success-ArbxtQ70
223,https://outschool.com/classes/all-about-adding-and-subtracting-like-and-unlike-fractions-ongoing-math-class-4M99rMPs
224,https://outschool.com/classes/grade-4-singapore-math-full-year-program-1-hourly-weekly-lCC9qom2
225,https://outschool.com/classes/2d-and-3d-shape-scavenger-hunt-ages-5-9-with-jamie-ZPXZiGrX
226,https://outschool.com/classes/hands-on-montessori-inspired-advanced-math-level-b-for-1st2nd-grades-2x-a-week-w-fmbkSDsB
227,https://outschool.com/classes/math-3rd-grade-full-curriculum-ongoing-jgeDYvt6
228,https://outschool.com/classes/math-masters-11-math-intervention-tutoring-struggling-learner-dyscalculia-30-min-GxaY0gRR
229,https://outschool.com/classes/6th-grade-math-full-year-curriculum-DmnXFwp4
230,https://outschool.com/classes/pre-algebra-full-year-course-lhkrQLPB
231,https://outschool.com/classes/5th-grade-math-after-school-review-club-WlU1go9r
232,https://outschool.com/classes/dog-vision-a-division-facts-practice-and-review-game-ExVWOHDd
233,https://outschool.com/classes/winter-math-6-week-11-private-tutor-grade-k-6-learning-plan-included-oVs8W39e
234,https://outschool.com/classes/singapore-math-4th-grade-4a-jdJ4FVrF
235,https://outschool.com/classes/roblox-math-adventure-private-gaming-club-0r709aw6
236,https://outschool.com/classes/math-private-tutoring-algebra-1-2-geometry-pre-calculus-trig-Z0mcxhxi
237,https://outschool.com/classes/beginners-long-multiplication-Z4kDFgOv
238,https://outschool.com/classes/second-grade-common-core-math-weekly-gHwxDjLs
239,https://outschool.com/classes/wild-and-unstructured-1st-grade-full-curriculum-ongoing-eFI9iyj8
240,https://outschool.com/classes/2nd-grade-math-dino-adventure-ongoing-grade-2-math-concepts-ae0rSbix
241,https://outschool.com/classes/math-homework-drop-in-Q2uTCAma
242,https://outschool.com/classes/individual-tutoring-learning-math-with-multiplication-and-division-dZWWnqx5
243,https://outschool.com/classes/mathsters-full-curriculum-4th-grade-math-class-wa-certified-teacher-2x-a-wk-FaSJ17Ss
244,https://outschool.com/classes/review-rounding-to-the-nearest-thousands-p43NxEO5
245,https://outschool.com/classes/pre-algebra-live-full-year-math-course-ongoing-c7jZrsuM
246,https://outschool.com/classes/3rd-grade-full-curriculum-ela-math-science-social-studies-Dri5ehoR
247,https://outschool.com/classes/math-4th-grade-adventures-Gt57nLex
248,https://outschool.com/classes/geometry-full-year-course-with-professor-alfred-UC3qQp7a
249,https://outschool.com/classes/one-on-one-math-tutoring-30-minutes-a7vaCsgI
250,https://outschool.com/classes/lets-practice-fractions-identifying-fractions-2nd-3rd-grade-oQVhkjD0
251,https://outschool.com/classes/second-grade-math-in-spanish-RwujTzYi
252,https://outschool.com/classes/algebra-1-full-course-ongoing-2-days-per-week-FsxtKrsP
253,https://outschool.com/classes/prepare-for-the-digital-sat-uwfte9pb
254,https://outschool.com/classes/math-mysteries-pre-algebra-math-mysteries-7th-and-8th-grade-math-v2fx5EJR
255,https://outschool.com/classes/5th-grade-math-topic-11-measurement-NE1mLCwB
256,https://outschool.com/classes/101-private-customized-math-pre-school-kindergarten-curriculum-30-minutes-cy1CKj0E
257,https://outschool.com/classes/grade-6-full-math-curriculum-ongoing-jwWpfgEA
258,https://outschool.com/classes/math-11-tutoring-k-12-or-full-year-homeschool-curriculum-customizable-50-min-SuPmCeDx
259,https://outschool.com/classes/clock-museum-escape-room-analog-digital-Wghy4F9i
260,https://outschool.com/classes/mastering-math-full-4th-grade-curriculum-math-games-Bq6wbsct
261,https://outschool.com/classes/all-about-large-number-addition-W55JjkXL
262,https://outschool.com/classes/probability-sIoO5Gq4
263,https://outschool.com/classes/algebra-2-yepLVbCd
264,https://outschool.com/classes/all-about-addition-practice-with-and-without-regrouping-ongoing-math-class-mVAjMjx0
265,https://outschool.com/classes/3rd-grade-math-m85K2Chu
266,https://outschool.com/classes/bubble-pop-it-fidget-multiplication-2nd-3rd-grade-math-oxYBcGlk
267,https://outschool.com/classes/math-club-practice-your-multiplication-with-fun-blooket-cDUd5dGB
268,https://outschool.com/classes/6th-grade-math-unit-6-data-analysis-and-statistics-xk5RA2BI
269,https://outschool.com/classes/all-about-beginning-two-digit-long-division-QfghdgMV
270,https://outschool.com/classes/algebra-1-full-year-course-QCgb7jmw
271,https://outschool.com/classes/integers-adding-and-subtracting-with-negative-numbers-P5o703lw
272,https://outschool.com/classes/pre-algebra-after-school-full-curriculum-Sp53WVDb
273,https://outschool.com/classes/integers-introduction-to-integer-concepts-6yw0ydex
274,https://outschool.com/classes/algebra-2-full-year-of-math-with-professor-alfred-ongoing-course-LgsWGIDd
275,https://outschool.com/classes/seventh-grade-math-tutoring-GxMxwe5a
276,https://outschool.com/classes/math-homeschool-full-curriculum-8th-grade-9YaxVyTK
277,https://outschool.com/classes/4th-grade-full-curriculum-english-math-and-spelling-BnnuoTB6
278,https://outschool.com/classes/number-talk-number-strings-camp-making-math-make-sense-k-2-Ev96yxvS
279,https://outschool.com/classes/grade-1-singapore-math-full-year-program-1-hour-weekly-9dIBteVD
280,https://outschool.com/classes/math-6th-grade-full-year-curriculum-q1EKNHap
281,https://outschool.com/classes/1st2nd-grade-math-circle-time-whole-group-interactive-activities-AHCDPlUV
282,https://outschool.com/classes/math-introduction-to-multiplying-fractions-uU9ECPKM
283,https://outschool.com/classes/crunching-numbers-guided-math-story-problems-all-4-operations-cEOsVnzd
284,https://outschool.com/classes/math-6th-grade-full-curriculum-ongoing-GxZiI0y7
285,https://outschool.com/classes/one-to-one-tutoring-to-feel-confident-and-positive-about-math-ongoing-classes-ByaNfODT
286,https://outschool.com/classes/sudoku-social-club-ZooAozMv
287,https://outschool.com/classes/pre-algebra-review-of-converting-fractions-to-decimals-sDg2deoP
288,https://outschool.com/classes/6th-grade-eureka-math-companion-class-module-3-integers-and-rational-numbers-oNdyrUVz
289,https://outschool.com/classes/crunching-numbers-guided-math-story-problems-beginner-8fSCAOXv
290,https://outschool.com/classes/7th-grade-math-and-games-mini-lesson-practice-and-games-DyAK7viw
291,https://outschool.com/classes/real-world-math-plan-a-thanksgiving-meal-qPZ3tgNW
292,https://outschool.com/classes/grade-3-singapore-math-full-year-program-1-hour-weekly-qQlyZHwF
293,https://outschool.com/classes/symmetry-lines-of-symmetry-tWxyisEy
294,https://outschool.com/classes/5th-grade-math-unit-4-operations-with-fractions-UimYOPNp
295,https://outschool.com/classes/math-11-tutoring-k-to-12th-or-full-year-homeschool-customizable-fQkpDQrC
296,https://outschool.com/classes/11-math-tutoring-for-learners-in-grades-1-6-GL1KpHC6
297,https://outschool.com/classes/geometry-full-curriculum-high-school-ywPy0l9d
298,https://outschool.com/classes/math-review-4th-and-5th-grade-math-practice-and-review-for-9-11-year-olds-38HqAWif
299,https://outschool.com/classes/11-private-math-tutoring-for-grades-1-to-8-pre-algebra-algebra-1-geometry-Tz7WqvEV
300,https://outschool.com/classes/learn-maths-uk-teacher-curriculum-for-ages-7-9-for-all-nationalities-v1Z3PZJy
301,https://outschool.com/classes/third-grade-math-spanish-immersion-1gye7DkL
302,https://outschool.com/classes/6th-grade-math-full-curriculum-9WHSRdeB
303,https://outschool.com/classes/algebra-1-full-course-live-twice-per-week-ongoing-qld6ci5M
304,https://outschool.com/classes/the-circus-is-in-town-a-telling-time-to-the-quarter-hour-escape-adventure-K8CZsY1j
305,https://outschool.com/classes/6th-grade-math-full-curriculum-project-basedgamified-learning-O8tCLSPp
306,https://outschool.com/classes/patterns-in-algebra-critical-thinking-class-level-2-UlyvFovr
307,https://outschool.com/classes/pre-algebra-changing-decimals-to-fractions-review-ElOcXDwi
308,https://outschool.com/classes/algebra-1-second-semester-full-semester-course-with-advanced-polynomials-polynom-yBzMxc3Q
309,https://outschool.com/classes/algebra-1-full-curriculum-ongoing-class-three-days-per-week-with-a-licensed-math-gOXrDfEt
310,https://outschool.com/classes/introduction-to-beginning-division-and-division-facts-ongoing-math-class-3hEm5Hnf
311,https://outschool.com/classes/6th-grade-math-chapter-2-fractions-and-decimals-16iqqAvv
312,https://outschool.com/classes/learn-art-of-multiplication-till-100-within-seconds-tTx9Zahm
313,https://outschool.com/classes/fractions-for-beginners-read-write-and-draw-the-whole-half-third-and-fourth-esl-5SzKEN1t
314,https://outschool.com/classes/beginning-multiplication-facts-0-to-4-yQipAnci
315,https://outschool.com/classes/pre-calculus-for-mathematicians-semester-12-functional-topics-ongoing-l2qkaF8x
316,https://outschool.com/classes/101-private-customized-math-curriculum-homework-help-grades-9-10-1-hour-weekly-QRUc6tx1
317,https://outschool.com/classes/multiplication-mayhem-exciting-game-based-multiplication-practice-Bp1JF44x
318,https://outschool.com/classes/kindergarten-full-curriculum-learn-at-home-standards-aligned-lessons-AaudLCZ6
319,https://outschool.com/classes/word-problems-4th-grade-math-AK9sDlSe
320,https://outschool.com/classes/2nd-grade-math-review3rd-grade-math-full-curriculum-qVVmUceZ
321,https://outschool.com/classes/grade-2-singapore-math-full-year-program-1-hour-weekly-BsEsS8sj
322,https://outschool.com/classes/7th-grade-math-chapter-6-percents-opPkwnus
323,https://outschool.com/classes/math-made-fun-with-music-2nd-grade-math-prep-BBFfvgZ7
324,https://outschool.com/classes/after-school-one-to-one-math-tutoring-O5Mq5mkb
325,https://outschool.com/classes/beginning-multiplication-and-division-fact-families-s5k9ibqe
326,https://outschool.com/classes/learn-multiplication-up-to-100-within-seconds-two-digits-by-two-digits-T2HwcAM1
327,https://outschool.com/classes/math-homeschool-full-curriculum-4th-grade-Inujscg8
328,https://outschool.com/classes/aim-high-its-ab-calculus-yveSGR6H
329,https://outschool.com/classes/introduction-to-division-beginning-division-with-and-without-remainders-izyQTuv3
330,https://outschool.com/classes/personalized-1-on-1-math-tutoring-prek-7th-private-ongoing-ZrgRIxIN
331,https://outschool.com/classes/tutoring-for-mathematicians-weekly-middle-high-school-math-tutor-ongoing-xbXArJ3w
332,https://outschool.com/classes/pre-algebra-factors-and-multiples-review-49IeA265
333,https://outschool.com/classes/all-about-multiplication-and-division-fact-families-review-TP8OenfR
334,https://outschool.com/classes/preparing-for-5th-grade-math-6lWuwZzH
335,https://outschool.com/classes/middle-school-math-ongoing-math-course-sxWZEi6I
336,https://outschool.com/classes/fractions-for-beginners-minecraft-fractions-intro-to-fractions-as-a-whole-983qMAW2
337,https://outschool.com/classes/third-grade-full-math-curriculum-review-club-rg3SMnOn
338,https://outschool.com/classes/full-year-of-4th-grade-singapore-math-8wf8dyhJ
339,https://outschool.com/classes/7th-grade-math-unit-3-proportionality-and-percent-xHFOuny3
340,https://outschool.com/classes/forex-math-mastering-foreign-currency-trading-cyo5KjWE
341,https://outschool.com/classes/crunching-numbers-guided-math-story-problems-advanced-multi-step-problems-bgEoGwkx
342,https://outschool.com/classes/full-year-of-2nd-grade-singapore-math-7OdxILHN
343,https://outschool.com/classes/5th-grade-math-unit-6-geometry-A4XesArk
344,https://outschool.com/classes/spanish-math-in-spanish-immersion-BdsWq6a8
345,https://outschool.com/classes/6th-grade-math-unit-6-data-analysis-DxQssLz3
346,https://outschool.com/classes/7th-grade-math-unit-1-integer-operations-and-rational-numbers-eYapttuU
347,https://outschool.com/classes/distributive-property-fall-review-fun-and-games-VyXBGFmS
348,https://outschool.com/classes/dnd-math-adventure-multiplication-and-division-with-dungeons-and-dragons-KyNyLx6Q
349,https://outschool.com/classes/ib-math-sl-exam-preparation-topic-trigonometry-kxMxiO21
350,https://outschool.com/classes/multiplication-times-table-1-20-part-3-JfYVLL4M
351,https://outschool.com/classes/the-very-hungry-monster-a-prek-counting-moving-and-drawing-session-WU00ZoKl
352,https://outschool.com/classes/united-kingdom-igcsegcse-math-exam-preparation-trigonometry-hh624BSB
353,https://outschool.com/classes/counting-american-money-amounts-VmTgwl77
354,https://outschool.com/classes/5th-grade-math-chapter-7-division-with-decimals-TSh96UnF
355,https://outschool.com/classes/mutliplication-double-digit-numbers-by-larger-numbers-3C3UaM84
356,https://outschool.com/classes/accelerated-daily-grade-4-math-primary-mathematics-4b-us-edition-ongoing-ySMMVm7T
357,https://outschool.com/classes/7th-grade-math-unit-8-probability-and-data-analysis-h1Uymaxr
358,https://outschool.com/classes/1-on-1-math-tutoring-yGOL0bUR
359,https://outschool.com/classes/101-private-customized-math-curriculum-homework-help-grades-11-12-and-university-ixwUKm0y
360,https://outschool.com/classes/saxon-math-algebra-1-lessons-1-60-full-curriculum-Fl4fh5tm
361,https://outschool.com/classes/pythagorean-theorem-9xf9HFZq
362,https://outschool.com/classes/mr-matts-math-masters-grade-4-mathematics-made-fun-dmwTWGb8
363,https://outschool.com/classes/4th-grade-full-homeschool-curriculum-3-times-a-week-QwA78RDy
364,https://outschool.com/classes/multiplication-tricks-multiply-numbers-from-90-99-in-a-few-seconds-UR7ftCwx
365,https://outschool.com/classes/101-private-grade-2-singapore-math-full-year-program-30-minutes-weekly-DxIlmcU3
366,https://outschool.com/classes/50-min-11-afterschool-private-math-tutoringk-12pre-algebra-12geometrytrig-G6gqqWC1
367,https://outschool.com/classes/5th-grade-math-topic-10-volume-HUmogrfT
368,https://outschool.com/classes/gimkit-session-simplifying-fractions-Wp81t4Yr
369,https://outschool.com/classes/7th-grade-eureka-math-companion-class-module-4-percent-and-simple-interest-yZAaFSAQ
370,https://outschool.com/classes/riddles-for-littles-math-riddles-to-start-your-day-RsdwFzUt
371,https://outschool.com/classes/crunching-numbers-guided-mental-math-talk-all-4-operations-and-up-to-2-digits-EVxdHVVG
372,https://outschool.com/classes/multiplication-facts-gimkit-session-WTHMHsKQ
373,https://outschool.com/classes/7th-grade-math-chapter-4-equations-and-inequalities-4owthJ4b
374,https://outschool.com/classes/algebra-1-full-year-of-math-with-professor-alfred-ongoing-course-sdbxbtWr
375,https://outschool.com/classes/1-on-1-math-tutoring-with-a-funny-teacher-50-off-first-class-wkIGiyU7
376,https://outschool.com/classes/4th-grade-full-year-on-going-singapore-dimensions-math-certified-teacher-YZRXd4aK
377,https://outschool.com/classes/101-private-grade-1-singapore-math-full-year-program-30-minutes-weekly-KnCPDjLR
378,https://outschool.com/classes/ib-math-analysis-and-approaches-standard-level-exam-topic-probability-vQIudQG3
379,https://outschool.com/classes/6th-grade-math-unit-5-geometry-80iynJWn
380,https://outschool.com/classes/math-is-your-path-grade-6-full-semesters-2023-2024-made-for-homeschoolers-nexNjH13
381,https://outschool.com/classes/multiplication-times-table-1-20-part-2-nUcZtAAw
382,https://outschool.com/classes/101-private-grade-3-singapore-math-full-year-program-30-minutes-weekly-HTqjjfYy
383,https://outschool.com/classes/act-math-exam-preparation-part-11-IJexZwLD
384,https://outschool.com/classes/beginning-multiplication-beginning-multiplication-facts-and-arrays-5NrUpBbL
385,https://outschool.com/classes/7th-grade-pre-algebra-full-curriculum-for-homeschool-w-certified-teacher-o4prFwx4
386,https://outschool.com/classes/50-min-11-afterschool-private-math-tutoring-campk-12algebra-12geometrytrig-Id3pR5f0
387,https://outschool.com/classes/11-dyscalculiamath-intervention-making-math-accessible-to-all-x8dlYBDj
388,https://outschool.com/classes/101-private-customized-math-grades-123-curriculum-homework-help-30-minutes-weekl-xmp1gFr0
389,https://outschool.com/classes/6th-grade-math-unit-4-mixed-operations-review-i9aU1Dl4
390,https://outschool.com/classes/matrix-math-for-engineering-students-get-ready-to-crush-first-year-of-college-tNOFVFNB
391,https://outschool.com/classes/crunching-numbers-guided-math-story-problems-addition-and-subtraction-zUWqNObk
392,https://outschool.com/classes/101-private-grade-4-singapore-math-full-year-program-30-minutes-weekly-K8wEmfqI
393,https://outschool.com/classes/5th-grade-math-unit-8-measurement-and-geometry-DCNPPXsB
394,https://outschool.com/classes/grade-5-singapore-math-full-year-program-1-hour-weekly-FOUaxZsb
395,https://outschool.com/classes/multiplication-help-for-young-learners-g22md4az
396,https://outschool.com/classes/7th-grade-math-chapter-1-adding-and-subtracting-integers-and-rational-numbers-fueCdDGx
397,https://outschool.com/classes/5th-grade-math-unit-6-word-problems-yyZULVBe
398,https://outschool.com/classes/6th-grade-eureka-math-companion-class-module-1-ratios-unit-rates-and-percents-Fo0NoeEJ
399,https://outschool.com/classes/5th-grade-math-unit-3-operations-with-decimals-hZUi7RIR
400,https://outschool.com/classes/math-is-your-path-grade-7-math-full-semesters-fall-2023-and-spring-2024-lWdCCd4l
401,https://outschool.com/classes/101-private-grade-5-singapore-math-full-year-program-30-minutes-weekly-jqig8aSF
402,https://outschool.com/classes/7th-grade-eureka-math-companion-class-module-2-integers-and-rational-numbers-YnlnUkxs
403,https://outschool.com/classes/3rd-grade-full-homeschool-curriculum-3-times-a-week-G5OK5lFn
404,https://outschool.com/classes/learn-the-6th-grade-number-system-standard-private-sessions-upon-request-xMXUyyo8
405,https://outschool.com/classes/full-year-of-4th-grade-singapore-math-d91pKtE0
406,https://outschool.com/classes/5th-grade-math-topic-7-add-and-subtract-fractions-and-mixed-numbers-Op1Kqly7
407,https://outschool.com/classes/11-tutoring-individualized-math-instruction-grades-3rd-5th-9JSUDNPT
408,https://outschool.com/classes/5th-grade-eureka-math-companion-class-module-1-DXixHaXR
409,https://outschool.com/classes/7th-grade-math-unit-1-scale-drawings-and-unit-rates-yivr56gv
410,https://outschool.com/classes/elementary-math-tutoring-grades-3-5-t1NsqjK7
411,https://outschool.com/classes/5th-grade-math-unit-3-multiplication-and-division-with-fractions-xqDT6bHI
412,https://outschool.com/classes/5th-grade-math-topic-6-divide-decimals-j4bskGoi
413,https://outschool.com/classes/5th-grade-math-unit-1-addition-and-subtraction-with-fractions-yjAln7cL
414,https://outschool.com/classes/4th-grade-full-year-math-oB29fZpe
415,https://outschool.com/classes/sixth-grade-math-tutoring-7xxyGHJV
416,https://outschool.com/classes/5th-grade-eureka-math-companion-class-module-4-xAEeYOs6
417,https://outschool.com/classes/word-problem-strategies-that-work-4th-5th-grade-CJuVDw4j
418,https://outschool.com/classes/full-year-4th-grade-groovy-math-4x-ongoing-OeAastsy
419,https://outschool.com/classes/algebra-review-and-tutoring-ZdIR15Ll
420,https://outschool.com/classes/5th-grade-eureka-math-companion-class-module-6-45gi7FZO
421,https://outschool.com/classes/5th-grade-math-chapter-1-place-value-IoDVgemk
422,https://outschool.com/classes/5th-grade-math-ixl-vM4Rpz7K
423,https://outschool.com/classes/algebra-1-full-curriculum-project-basedgamified-learning-8th9th-grade-rhWDvByx
424,https://outschool.com/classes/montessori-math-concrete-lessons-level-1-pre-k-kindergarten-ongoing-3xweek-zgmO7018
425,https://outschool.com/classes/6th-grade-math-chapter-1-expressions-and-factors-HEJ32gvA
426,https://outschool.com/classes/algebra-2-full-curriculum-ongoing-class-school-year-2023-24-RC9B4sK1
427,https://outschool.com/classes/semi-private-math-tutoring-for-grades-2-3-NaTOiZs0
428,https://outschool.com/classes/math-sight-words-and-reading-one-on-one-tutoring-meets-weekly-xPhwbz6Z
429,https://outschool.com/classes/7th-grade-math-units-5-and-6-probability-and-mean-TCDz6rx3
430,https://outschool.com/classes/101-private-full-math-curriculum-grades-1-8-30-minutes-weekly-w27j98yS
431,https://outschool.com/classes/7th-grade-math-chapter-2-multiplying-and-dividing-integers-and-rational-numbers-KdwUBFxj
432,https://outschool.com/classes/5th-grade-math-chapter-3-adding-and-subtracting-decimals-8ehyP6Hg
433,https://outschool.com/classes/algebra-2-in-depth-course-with-a-licensed-math-teacher-MK6aT7LL
434,https://outschool.com/classes/6th-grade-eureka-math-companion-class-module-5-geometry-w4T11MuR
435,https://outschool.com/classes/5th-grade-math-topic-5-divide-multi-digit-whole-numbers-K5PqXoR2
436,https://outschool.com/classes/weekly-math-spiral-review-3rd-grade-CK1Eavur
437,https://outschool.com/classes/6th-grade-eureka-math-companion-class-module-4-expressions-and-equations-1PxSOOlX
438,https://outschool.com/classes/7th-grade-math-unit-4-proportional-relationships-and-percentages-AyokZXML
439,https://outschool.com/classes/6th-grade-math-chapter-9-statistics-om5yyleH
440,https://outschool.com/classes/5th-grade-math-chapter-6-dividing-by-multi-digit-divisors-B5hwFaTG
441,https://outschool.com/classes/5th-grade-math-chapter-8-adding-and-subtracting-fractions-k1HRoMAF
442,https://outschool.com/classes/5th-grade-math-unit-5-division-with-whole-numbers-and-decimals-xzNZ9FMD
443,https://outschool.com/classes/5th-grade-math-unit-2-addition-and-subtraction-with-decimals-wWXnkh9H
444,https://outschool.com/classes/5th-grade-math-chapter-5-multiplying-decimals-7YqzclMy
445,https://outschool.com/classes/5th-grade-math-chapter-9-multiplying-fractions-uaxwSyBM
446,https://outschool.com/classes/5th-grade-math-topic-16-classifying-two-dimensional-shapes-znDAxrvG
447,https://outschool.com/classes/5th-grade-math-chapter-2-expressions-gz6IHhJP
448,https://outschool.com/classes/5th-grade-math-topic-14-coordinate-plane-r6YrAolC
449,https://outschool.com/classes/5th-grade-math-unit-7-expressions-and-coordinate-plane-L7Ly0WbU
450,https://outschool.com/classes/5th-grade-math-topic-3-multiplying-multi-digit-whole-numbers-8lSUOK4v
451,https://outschool.com/classes/5th-grade-math-topic-4-multiply-decimals-LVlMsOCA
