,Nature courses url
0,https://outschool.com/classes/the-wonderful-world-of-why-ongoing-science-club-6tuMO7Ve
1,https://outschool.com/classes/pokemon-and-animals-life-science-for-fall-c6FxO8Lp
2,https://outschool.com/classes/creative-life-science-a-waldorf-inspired-journey-through-science-art-tZlEzYnL
3,https://outschool.com/classes/hands-on-science-45-ongoing-elementary-full-curriculum-36-weeks-3LQZvhF7
4,https://outschool.com/classes/art-of-mammals-drawing-animals-in-nature-art-story-drawing-zoology-adventure-L4W63ZSP
5,https://outschool.com/classes/math-enrichment-explore-ways-math-can-be-found-in-nature-ongoing-mpgIs50P
6,https://outschool.com/classes/hands-on-science-67-ongoing-middle-school-full-curriculum-36-weeks-ekVzSJw9
7,https://outschool.com/classes/nature-inspired-creative-drawing-for-young-artists-xlL2Kk5u
8,https://outschool.com/classes/hands-on-science-56-ongoing-middle-school-full-curriculum-36-weeks-2MUQbldi
9,https://outschool.com/classes/weekly-the-grossest-creepiest-and-coolest-animals-in-the-world-vxM4B8Zc
10,https://outschool.com/classes/amazing-animals-of-the-amazon-rainforest-kSr30y0c
11,https://outschool.com/classes/how-science-imitates-nature-lets-learn-from-aquatic-animals-flex-class-VXyKRJrP
12,https://outschool.com/classes/how-science-imitates-nature-biomimicry-flex-class-ages-8-12-bPKpxe4W
13,https://outschool.com/classes/how-science-imitates-nature-lets-learn-from-insects-one-week-flex-class-HFnNzGyx
14,https://outschool.com/groups/nature-lovers-club-bVyN8t1I
15,https://outschool.com/classes/creative-nature-club-ehUMTRno
16,https://outschool.com/groups/country-pet-love-animal-nature-enthusiasts-IdW04fLF
17,https://outschool.com/classes/nature-wildlife-exploration-acrostic-poem-B1YjOBX6
18,https://outschool.com/classes/art-of-reptiles-amphibians-draw-animals-in-nature-art-story-drawing-zoology-CH1jxDgh
19,https://outschool.com/classes/nature-based-math-adventures-ILkx5qN9
20,https://outschool.com/classes/digital-dabble-procreate-animation-club-animate-with-procreate-SPERa4JM
21,https://outschool.com/classes/lets-chat-about-that-1-on-1-chat-time-with-teacher-adams-1CFBgDts
22,https://outschool.com/classes/second-grade-waldorf-inspired-curriculum-language-arts-math-science-art-ZqUTuz4V
23,https://outschool.com/classes/digital-dabble-procreate-animation-club-icHvOyfg
24,https://outschool.com/classes/the-changing-nature-of-warfare-and-international-conflict-19192011-KQiACXIA
25,https://outschool.com/classes/life-science-study-of-life-cycles-through-science-art-a-waldorf-inspired-class-9yqxisR3
26,https://outschool.com/classes/teacher-paros-weekly-nature-meditation-class-xPDmvR6i
27,https://outschool.com/classes/watercolor-painting-art-class-new-techniques-to-paint-nature-animals-plants-Ig7v3QfN
28,https://outschool.com/classes/art-club-acrylic-painting-hnXUABeK
29,https://outschool.com/classes/art-of-birds-drawing-birds-in-nature-art-story-draw-zoology-animal-adventure-qOpgqFcg
30,https://outschool.com/classes/watercolor-zentangle-basics-flex-art-class-explore-nature-abstract-patterns-x4OwP6cr
31,https://outschool.com/classes/weekly-vocabulary-for-budding-scientists-uYkMS4Kb
32,https://outschool.com/classes/art-class-nature-art-oEyEmEJA
33,https://outschool.com/classes/art-of-insects-drawing-insects-in-nature-art-story-zoology-adventure-MtF7UbjS
34,https://outschool.com/classes/lets-go-outside-an-outdoor-in-nature-challenge-flex-5J626X5o
35,https://outschool.com/classes/art-flex-course-photography-exploring-nature-HPsU5qnW
36,https://outschool.com/classes/beginning-creative-writing-science-and-nature-focused-writers-workshop-NFCOqalr
37,https://outschool.com/classes/weird-nature-drawing-club-pUzL3EmQ
38,https://outschool.com/classes/drawing-all-nature-and-architecture-we-see-around-us-for-fun-1vx9VeNy
39,https://outschool.com/classes/nature-meditation-for-elementary-school-students-2PVUvK3U
40,https://outschool.com/classes/nature-art-projects-xBxL5hio
41,https://outschool.com/classes/nature-play-based-full-curriculum-kinder1st-math-literacy-science-art-6VxQZtL2
42,https://outschool.com/classes/country-pet-love-animal-and-nature-enthusiasts-learning-social-club-THhVd1ti
43,https://outschool.com/classes/nature-science-the-layers-of-the-earth-Zxxzin3x
44,https://outschool.com/groups/country-pet-love-animal-nature-enthusiasts-3l2fIq5j
45,https://outschool.com/classes/discover-art-in-nature-flex-D5KwhCxg
46,https://outschool.com/classes/nature-journaling-club-weekly-drawing-and-learning-about-the-wild-Nn16o90F
47,https://outschool.com/classes/weekly-ongoing-the-art-in-nature-program-part-i-ages-5-9-1GQDZNBi
48,https://outschool.com/classes/flexone-the-nature-of-military-genius-flex-1XExSZbg
49,https://outschool.com/classes/nature-journaling-for-the-wild-flex-FyxasyKx
50,https://outschool.com/classes/nature-art-mini-flex-course-simplifying-photosynthesis-through-art-5ppA99vJ
51,https://outschool.com/classes/acrylic-and-watercolor-painting-course-14-weeks-flex-Ez2g4ZOY
52,https://outschool.com/classes/colors-and-symmetry-in-nature-a-virtual-walk-through-the-forest-A6shwKCc
53,https://outschool.com/classes/lets-breathe-mindfulness-and-me-flex-course-series-1-b2-cefr-QahPksgp
54,https://outschool.com/classes/german-flex-beginners-kindergarten-animals-nature-professions-urUmRlTC
55,https://outschool.com/classes/how-science-imitates-nature-lets-learn-from-birds-one-week-flex-class-8FyxW5XK
56,https://outschool.com/classes/art-of-ocean-animals-draw-ocean-animals-art-story-drawing-zoology-adventure-By5oMTk5
57,https://outschool.com/classes/how-science-imitates-nature-learn-from-land-animals-1-week-flex-class-X86Mgofb
58,https://outschool.com/classes/nature-animals-of-the-ocean-part-2-flex-ages-11-14-2TMB0BwP
59,https://outschool.com/classes/colorful-whimsical-nature-step-by-step-acrylic-painting-flex-class-teens-LNJ1z2eJ
60,https://outschool.com/classes/homesteading-farm-animal-care-junior-horticulture-explorers-club-13-17-yr-olds-RijV74he
61,https://outschool.com/classes/natures-wonders-birds-teaching-equality-ziTrZ3ym
62,https://outschool.com/classes/nature-art-mini-flex-course-finding-the-element-of-shape-in-shapes-of-leaves-NGcOWuay
63,https://outschool.com/classes/art-with-science-1-4-flex-weeks-of-art-and-observing-nature-3-5-bLF0vmrx
64,https://outschool.com/classes/floral-wreath-flex-art-class-zentangle-colored-pencil-drawing-techniques-I51yOj1k
65,https://outschool.com/classes/ongoing-once-a-week-animal-science-class-ReyPB6E6
66,https://outschool.com/classes/zookeeper-training-class-zoo-animal-science-ZowqaFCR
67,https://outschool.com/classes/lets-breathe-mindfulness-and-me-flex-course-series-1-b2-cefr-saAlvjp4
68,https://outschool.com/classes/nature-meditation-for-middle-school-students-efZjrTP9
69,https://outschool.com/classes/nature-animals-of-the-ocean-part-4-flex-ages-11-14-0nCTqkfp
70,https://outschool.com/classes/painting-beautiful-birds-four-seasons-4cVOjUYA
71,https://outschool.com/classes/nature-art-flex-course-4OiLyRhh
72,https://outschool.com/classes/nature-journaling-4-ink-and-paint-lessons-to-observe-like-a-scientist-flex-VPu00dvb
73,https://outschool.com/classes/draw-design-your-own-original-character-dragons-m4TJOy5y
74,https://outschool.com/classes/tree-pe-a-nature-inspired-story-and-movement-session-HfvHovlQ
75,https://outschool.com/classes/book-club-for-adventurous-readers-island-of-the-blue-dolphins-p2gPH5jH
76,https://outschool.com/classes/math-art-flex-class-cardioids-tessellations-fractals-and-fibonacci-spirals-lkR3wKTE
77,https://outschool.com/groups/nature-art-inspiration-group-get-outside-creatively-YzXHtLfj
78,https://outschool.com/classes/lets-breathe-mindfulness-and-me-flex-course-series-2-b2-cefr-3X04PeZX
79,https://outschool.com/classes/how-to-draw-a-perfect-landscape-tutoring-KdxLKqTQ
80,https://outschool.com/classes/all-about-birds-qnEQzJwu
81,https://outschool.com/classes/5th-grade-science-q1-comprehensive-hands-on-activities-labs-flex-LyeXkZxL
82,https://outschool.com/classes/nature-stream-study-interactive-unit-study-59OSoQKq
83,https://outschool.com/classes/building-with-bricks-creations-game-xvKx7aMf
84,https://outschool.com/classes/5th-grade-science-q2-comprehensive-hands-on-activities-labs-flex-DmWacCZw
85,https://outschool.com/classes/nature-art-mini-flex-course-become-a-plant-scientist-while-learning-how-to-draw-TespMuVI
86,https://outschool.com/classes/art-with-science-8-flex-weeks-of-elementary-art-and-observing-nature-3-5-3tzepRle
87,https://outschool.com/classes/nature-art-mini-flex-course-dive-into-color-while-becoming-a-flower-scientist-bKphWVXS
88,https://outschool.com/classes/flex-acrylic-nature-set-2-create-4-fun-art-acrylic-paintings-jEd8xRP9
89,https://outschool.com/classes/art-with-science-2-4-flex-weeks-of-art-and-observing-nature-3-5-8xafwNmH
90,https://outschool.com/classes/colorful-whimsical-nature-step-by-step-acrylic-painting-flex-class-tweens-NS7EOjmZ
91,https://outschool.com/classes/art-class-duck-and-ducklings-XIA2GcuJ
92,https://outschool.com/classes/rainforest-animals-prepositions-mystery-adventure-FyfZonmB
93,https://outschool.com/classes/nature-animals-of-the-ocean-part-4-flex-ages-7-10-t3Qxmyix
94,https://outschool.com/classes/nature-animals-of-the-ocean-part-3-flex-ages-7-10-KoB1Gdje
95,https://outschool.com/classes/nature-animals-of-the-ocean-part-2-flex-ages-7-10-mwtph2bZ
96,https://outschool.com/classes/nature-animals-of-the-ocean-part-1-flex-ages-7-10-UKa3IJPe
97,https://outschool.com/classes/nature-art-mini-flex-course-discover-plant-life-cycles-and-the-element-of-space-2KNuFxrh
98,https://outschool.com/classes/middle-school-outdoors-class-national-park-road-trip-adventure-fGR4m8yX
99,https://outschool.com/classes/beginning-painting-with-trees-nature-and-landscapes-6MGnG8QK
100,https://outschool.com/classes/watercolor-painting-paint-animals-plants-with-sumi-e-art-techniques-flex-WrLsb0Mq
101,https://outschool.com/classes/nature-animals-of-the-ocean-part-3-flex-ages-11-14-5uZAKTr9
102,https://outschool.com/classes/painting-the-four-seasons-landscaping-for-nature-lovers-11-private-art-club-u5nKTcJ9
103,https://outschool.com/classes/nature-art-mini-flex-course-using-the-element-of-form-to-learn-about-seasons-e2uv5zJa
104,https://outschool.com/classes/flex-acrylic-nature-set-create-4-easy-art-acrylic-paintings-xjaFqHNF
105,https://outschool.com/classes/a-doodle-a-day-sketching-journal-workshop-plants-worlds-ruins-structures-eRkL4vxs
106,https://outschool.com/classes/fantasy-undersea-landscape-flex-art-class-zentangle-colored-pencil-skills-fwo61pTp
107,https://outschool.com/classes/apex-predator-showcase-tiger-great-white-shark-and-lion-G3ruGyK4
108,https://outschool.com/classes/diary-of-a-minecraft-zombie-books-3-4-read-aloud-flex-class-75fy4HHz
109,https://outschool.com/classes/nature-art-mini-flex-course-discover-parts-of-a-plant-while-drawing-textures-DHeDXDkb
110,https://outschool.com/classes/practical-homesteading-story-time-on-the-farm-flex-fXekAI39
111,https://outschool.com/classes/britains-place-in-the-world-after-1945-9yKnbsWV
112,https://outschool.com/classes/real-people-real-history-teen-flex-graphic-novel-book-club-they-called-us-enemy-8mx7gWAc
113,https://outschool.com/classes/11-math-tutoring-full-year-curriculum-cJVdu8s8
114,https://outschool.com/classes/lets-breathe-mindfulness-and-me-flex-course-series-2-b2-cefr-P1V60xYj
115,https://outschool.com/classes/climate-change-floods-wild-fires-endangered-species-will-humans-survive-0js3l2hZ
116,https://outschool.com/classes/travel-through-americas-national-parks-round-3-nQnjNtnt
117,https://outschool.com/classes/4-lesson-flex-class-pokmon-and-the-amazing-evolutions-of-eevee-tkHKhryu
